{"side":600,"files":{"Слой 1.png":[-0.2683333333333333,-0.04833333333333333,52,false],"Слой 10.png":[-0.4683333333333333,0.6166666666666667,-38,false],"Слой 11.png":[0.39166666666666666,-0.36833333333333335,0],"Слой 12.png":[-0.6133333333333333,-0.23333333333333334,20],"Слой 13.png":[-0.7833333333333333,0.8,0],"Слой 14.png":[-0.25833333333333336,-0.5016666666666667,-14,false],"Слой 15.png":[0.09833333333333333,0.9416666666666667,0],"Слой 16.png":[-0.29333333333333333,-0.3516666666666667,0],"Слой 17.png":[-0.2683333333333333,0.12,-48],"Слой 18.png":[0.07833333333333334,0.23833333333333334,-12],"Слой 19.png":[-0.11833333333333333,0.2866666666666667,76,false],"Слой 2.png":[-0.14833333333333334,0,-6],"Слой 20.png":[0.10166666666666667,0.6083333333333333,-16],"Слой 21.png":[0.27666666666666667,0.24666666666666667,142],"Слой 23.png":[0.38166666666666665,0.9466666666666667,-21],"Слой 25.png":[-0.07833333333333334,-0.62,-4,false],"Слой 26.png":[-0.4216666666666667,0.7816666666666666,4],"Слой 29.png":[0.011666666666666667,-0.22666666666666666,-12],"Слой 30.png":[0.42,0.49166666666666664,8],"Слой 31.png":[0.26666666666666666,-0.10833333333333334,-2,true],"Слой 32.png":[-0.6033333333333334,0.24166666666666667,0],"Слой 33.png":[-0.14666666666666667,0.16166666666666665,14],"Слой 35.png":[0.056666666666666664,-0.39166666666666666,-28],"Слой 36.png":[0.19666666666666666,0.96,0],"Слой 37.png":[0.8116666666666666,-0.4083333333333333,-25],"Слой 38.png":[-0.42,0.45166666666666666,13],"Слой 4.png":[-0.2783333333333333,0.36333333333333334,-198],"Слой 5.png":[-0.48833333333333334,0.04,4],"Слой 6.png":[-0.13666666666666666,-0.15666666666666668,0],"Слой 7.png":[0.016666666666666666,-0.09333333333333334,-12,true],"Слой 8.png":[-0.4083333333333333,0.25166666666666665,-78],"Слой 9.png":[-0.6216666666666667,0.11333333333333333,0],"Слой 41.png":[0.08,0.12166666666666667,4,false],"Слой 42.png":[0.56,-0.6383333333333333,0,true],"Слой 43.png":[0.07166666666666667,-0.8483333333333334,0,true],"Слой 44.png":[-0.7916666666666666,-0.9333333333333333,8,true]}}
